id,informacoes_das_colunas,categoria,explicacao,rouge,iteracao
RNP2022-125941,"target: [DATE_TIME_a989e9db40] 14:47 CERT.br: 
Data de envio: Nov 18, 2022 2:45 PM
Para: [EMAIL_ADDRESS_340a71a13b], [EMAIL_ADDRESS_f6f7086365], [EMAIL_ADDRESS_a0a85d701e]
CC: [EMAIL_ADDRESS_83824c64b2]
Assunto: Re: Abuse from [IP_ADDRESS_32a64212fc]

Hello,

CERT.br works as a coordinating team for incidents and abuses related
to Brazilian networks. We are listed in the ""remarks"" notes of the
Brazilian Whois Server output to receive copies of complaints, but we
are not the technical or abuse contact of any network.

We are forwarding your email to the proper contacts for this network
so they can handle this incident.

Original message was attached to this email.

Thank you for reporting this incident,
--
CERT.br/NIC.br
<[EMAIL_ADDRESS_83824c64b2]>
[URL_ea4f5d47bf]

=======================================================================
----- Original message as text -----
From: [EMAIL_ADDRESS_340a71a13b]
To: [EMAIL_ADDRESS_c4122f8a60],[EMAIL_ADDRESS_83824c64b2]
Cc: [EMAIL_ADDRESS_340a71a13b]
Subject: Abuse from [IP_ADDRESS_32a64212fc]
Date: Fri, 18 Nov 2022 18:32:09 +0100 (CET)
Message-ID: <[EMAIL_ADDRESS_9006ffa082]>

Dear Sir/Madam,

We have detected abuse from the IP address [IP_ADDRESS_32a64212fc], which according to a whois lookup is on your network. We would appreciate if you would investigate and take action as appropriate.

Log lines are given below, but please ask if you require any further information.

(If you are not the correct person to contact about this please accept our apologies - your e-mail address was extracted from the whois record by an automated process. This mail was generated by Fail2Ban.)

Note: Local timezone is +0100 (CET)
Nov 13 13:48:05 server sshd[4430]: Invalid user test5 from [IP_ADDRESS_32a64212fc]
Nov 13 13:48:05 server sshd[4430]: pam_unix(sshd:auth): authentication failure; logname= uid=0 euid=0 tty=ssh ruser= rhost=[IP_ADDRESS_32a64212fc] 
Nov 13 13:48:07 server sshd[4430]: Failed password for invalid user test5 from [IP_ADDRESS_32a64212fc] port 47758 ssh2
Nov 13 13:48:07 server sshd[4430]: Received disconnect from [IP_ADDRESS_32a64212fc]: 11: Bye Bye [preauth]
Nov 13 13:54:10 server sshd[5671]: Invalid user rundeck from [IP_ADDRESS_32a64212fc]
Nov 13 13:54:10 server sshd[5671]: pam_unix(sshd:auth): authentication failure; logname= uid=0 euid=0 tty=ssh ruser= rhost=[IP_ADDRESS_32a64212fc] 
Nov 13 13:54:12 server sshd[5671]: Failed password for invalid user rundeck from [IP_ADDRESS_32a64212fc] port 43934 ssh2
Nov 13 13:54:12 server sshd[5671]: Received disconnect from [IP_ADDRESS_32a64212fc]: 11: Bye Bye [preauth]
Nov 13 13:55:23 server sshd[6313]: Invalid user jimmy from [IP_ADDRESS_32a64212fc]
Nov 13 13:55:23 server sshd[6313]: pam_unix(sshd:auth): authentication failure; logname= uid=0 euid=0 tty=ssh ruser= rhost=[IP_ADDRESS_32a64212fc] 
Nov 13 13:55:25 server sshd[6313]: Failed password for invalid user jimmy from [IP_ADDRESS_32a64212fc] port 56258 ssh2
Nov 13 13:55:25 server sshd[6313]: Received disconnect from [IP_ADDRESS_32a64212fc]: 11: Bye Bye [preauth]
Nov 18 18:13:42 server sshd[11117]: pam_unix(sshd:auth): authentication failure; logname= uid=0 euid=0 tty=ssh ruser= rhost=[IP_ADDRESS_32a64212fc]  user=root
Nov 18 18:13:44 server sshd[11117]: Failed password for root from [IP_ADDRESS_32a64212fc] port 45264 ssh2
Nov 18 18:13:44 server sshd[11117]: Received disconnect from [IP_ADDRESS_32a64212fc]: 11: Bye Bye [preauth]
Nov 18 18:18:46 server sshd[12088]: pam_unix(sshd:auth): authentication failure; logname= uid=0 euid=0 tty=ssh ruser= rhost=[IP_ADDRESS_32a64212fc]  user=root
Nov 18 18:18:48 server sshd[12088]: Failed password for root from [IP_ADDRESS_32a64212fc] port 38778 ssh2
Nov 18 18:18:48 server sshd[12088]: Received disconnect from [IP_ADDRESS_32a64212fc]: 11: Bye Bye [preauth]
Nov 18 18:20:14 server sshd[12662]: pam_unix(sshd:auth): authentication failure; logname= uid=0 euid=0 tty=ssh ruser= rhost=[IP_ADDRESS_32a64212fc]  user=root
Nov 18 18:20:16 server sshd[12662]: Failed password for root from [IP_ADDRESS_32a64212fc] port 56312 ssh2
Nov 18 18:20:16 server sshd[12662]: Received disconnect from [IP_ADDRESS_32a64212fc]: 11: Bye Bye [preauth]
Nov 18 18:21:47 server sshd[12915]: pam_unix(sshd:auth): authentication failure; logname= uid=0 euid=0 tty=ssh ruser= rhost=200.132.",CAT4,"The incident involves unauthorized access to an IP address and multiple failed attempts to root out the IP, which suggests a data breach or exposure of sensitive information.",1.0,1
RNP2022-126521,"target: [DATE_TIME_18028d532e] 07:08 CERT.br: 
Data de envio: Nov 21, 2022 7:03 AM
Para: [PERSON_f8d03ad7fc] <[EMAIL_ADDRESS_2f2137d466]>, [EMAIL_ADDRESS_f6f7086365], [EMAIL_ADDRESS_a0a85d701e]
CC: [EMAIL_ADDRESS_83824c64b2]
Assunto: Re: security incident 20221120-07

Hello,

CERT.br works as a coordinating team for incidents and abuses related
to Brazilian networks. We are listed in the ""remarks"" notes of the
Brazilian Whois Server output to receive copies of complaints, but we
are not the technical or abuse contact of any network.

We are forwarding your email to the proper contacts for this network
so they can handle this incident.

Original message was attached to this email.

Thank you for reporting this incident,
--
CERT.br/NIC.br
<[EMAIL_ADDRESS_83824c64b2]>
[URL_ea4f5d47bf]

=======================================================================
----- Original message as text -----
From: [PERSON_f8d03ad7fc] <[EMAIL_ADDRESS_2f2137d466]>
To: [EMAIL_ADDRESS_83824c64b2]
Cc: [EMAIL_ADDRESS_2f2137d466]
Subject: security incident 20221120-07
Date: Sun, 20 Nov 2022 01:45:17 +0100
Message-ID: <20221120004517.GA1745@app.citecs>

[IP_ADDRESS_32a64212fc] was probing for ssh login access on our hosts.
Most likely the system has been compromised by some malware
(e.g., a virus) and become part of a bot net.
Therefore it has been black listed on the SSHRBL black list.
Logfile extract from [IP_ADDRESS_cad9860b73], timezone: CET / UTC +0100

...
Nov 19 12:58:00 hal9000 sshd[17712]: Failed password for root from [IP_ADDRESS_32a64212fc] port 60302 ssh2
Nov 19 12:59:35 hal9000 sshd[17789]: Failed password for root from [IP_ADDRESS_32a64212fc] port 55320 ssh2
...

% Copyright (c) Nic.br
%  The use of the data below is only permitted as described in
%  full by the Use and Privacy Policy at [URL_f0c182d0c4] ,
%  being prohibited its distribution, commercialization or
%  reproduction, in particular, to use it for advertising or
%  any similar purpose.
%  2022-11-19T21:45:11-03:00 - IP: [IP_ADDRESS_cad9860b73]

inetnum:     [IP_ADDRESS_dfa894b31d]/16
aut-num:     AS2716
abuse-c:     RETCH7
owner: [ORGANIZATION_d18fba8d54] Sul
ownerid:     92.969.856/0001-98
responsible: [PERSON_652f213d44] Ahlert
owner-c:     JIM
tech-c:      RETCH7
created:     20000215
changed:     20190910

nic-hdl-br:  JIM
person: [PERSON_68157667e3] Musse
created:     19980305
changed:     20080314

nic-hdl-br:  RETCH7
person: [PERSON_25c7658bb9] Tchï¿½
created:     20190902
changed:     20190902

% Security and mail abuse issues should also be addressed to
% cert.br, [URL_c902c99848] , respectivelly to [EMAIL_ADDRESS_83824c64b2]
% and [EMAIL_ADDRESS_c4122f8a60]
%
% whois.registro.br accepts only direct match queries. Types
% of queries are: domain (.br), registrant (tax ID), ticket,
% provider, CIDR block, IP and ASN.
__END__

-- [PERSON_f8d03ad7fc]      : voice +49 711 601 2091  : [LOCATION_6057245686] 189
[EMAIL_ADDRESS_2f2137d466]     : fax   +49 711 601 2092  : D-70199 Stuttgart

------------------------------------",CAT1,"This incident involves unauthorized access to user accounts, specifically unauthorized forwarding of emails to proper contacts. The logs show password failures, suggesting that credentials were failed to grant access but not used elsewhere, aligning with account compromise (CAT1).",1.0,1
RNP2022-127135,"target: [DATE_TIME_333e6005b6] 10:58 CERT.br: 
Data de envio: Nov 22, 2022 10:58 AM
Para: [EMAIL_ADDRESS_f6f7086365], [EMAIL_ADDRESS_a0a85d701e]
CC: [EMAIL_ADDRESS_83824c64b2]
Assunto: Alerta: [AS 2716] servico TFTP habilitado

Caro responsável,

Os IPs presentes no log abaixo são de servidores sob sua
responsabilidade com o serviço TFTP habilitado na porta 69/udp. Este
serviço pode ser abusado para fazer parte de ataques distribuídos de
negação de serviço, consumindo recursos da sua rede e impactando
terceiros, além de poder revelar informações sensíveis armazenadas neste
equipamento.

Lembramos que os endereços IP listados também podem ser dispositivos de
rede com o serviço TFTP habilitado, como roteadores e CPEs (modem ou
roteador de uso doméstico instalado nos clientes).

Gostaríamos de solicitar que:

* o serviço TFTP seja configurado corretamente ou desabilitado
   no equipamento, caso não esteja em uso.

Uma descrição do problema e possíveis soluções podem ser encontradas no
final deste documento.

Se você não for a pessoa correta para corrigir o problema destes
equipamentos com o serviço TFTP habilitado, por favor repasse essa
mensagem para alguém de sua organização que possa fazê-lo.

O indicador no campo 'Resultados do Teste' indica o tipo de problema
testado e significa:

* tftp: status/pacotes/bytes, onde status é ""open"", e
   pacotes/bytes indicam o tamanho da resposta recebida, em
   pacotes/bytes;

====================================================================================
Endereco IP      | ASN    | Status | Data do Teste        | Resultados do Teste
[IP_ADDRESS_bac286073d]    | 2716   | OPEN   | 2022-11-22T11:43:49Z | tftp: open/1/30
====================================================================================
Mais detalhes sobre o porque do envio desta mensagem, quem é o
CERT.br e como resolver este problema estão listados abaixo.

Cordialmente,
-- 
CERT.br
<[EMAIL_ADDRESS_83824c64b2]>
[URL_ea4f5d47bf]

* O que é o serviço TFTP (69/udp)?

O TFTP (Trivial File Transfer Protocol) é um protocolo de rede muito
  simples utilizado para transferência de arquivos. Esse protocolo pode
  ser utilizado por sistemas operacionais e por dispositivos de rede,
  por exemplo, para obter arquivos de atualização de software ou de
  configuração.

Caso esteja acessível a toda a Internet via UDP, esse serviço pode
  ser explorado para ataques DDoS que usem amplificação. Isto ocorre
  porque o atacante envia uma requisição forjando o IP da vítima e o
  servidor com TFTP retorna uma resposta maior que a requisição.

* Por que devo me preocupar com isso?

O serviço TFTP pode ser abusado para causar danos a terceiros,
  envolvendo sua rede em ataques a outras organizações, além de implicar
  em um consumo de banda maior. Além dessas implicações, esse serviço
  pode revelar informações sensíveis sobre sua rede e seus dados
  armazenados.

Informações adicionais sobre como evitar que sua rede seja abusada
  para este e outros ataques DDoS podem ser econtradas aqui:

[URL_eebddb46c5]

* Como faço para corrigir o problema?

Se o TFTP não for utilizado na sua rede desabilite o serviço no seu
  dispositivo. Se o recurso for utilizado na rede local, configure-o de
  modo que esteja disponível apenas para a rede local.

* Onde posso obter informações adicionais sobre o abuso do protocolo
  TFTP para ataques DDoS?

- UDP-Based Amplification Attacks
    [URL_f1b488990d]

* Como o [ORGANIZATION_54947c67d4] sabe que este é um dispositivo vulnerável?

O [ORGANIZATION_54947c67d4] está recebendo notificações com listas de dispositivos que
  possuem o servirç TFTP acessível a partir da Internet e que
  possivelmente estão sendo abusados e utilizados em ataques
  distribuídos de negação de serviços (DDoS). O [ORGANIZATION_54947c67d4] está
  notificando os responsáveis pelos dispositivos brasileiros presentes
  nestas listas.

* Como posso ter certeza que resolvi o problema?

Você pode verificar seu dispositivo através do seguinte comando:
  (preferencialmente execute-o a partir da Internet, ou seja, fora",CAT3,"The incident involves the use of TFTP, a protocol known for potential Denial of Service (DoS) attacks. This classifies the problem as one that could cause distributed attacks targeting other organizations or systems due to TFTP's vulnerability and misuse.",1.0,1
RNP2022-138345,"target: [DATE_TIME_850a1aafb0] 09:59 CERT.br: 
Data de envio: Dec 6, 2022 9:54 AM
Para: [EMAIL_ADDRESS_f6f7086365], [EMAIL_ADDRESS_a0a85d701e]
CC: [EMAIL_ADDRESS_83824c64b2]
Assunto: Alerta: [AS 2716] servidor NTP mal configurado

Caro responsável,

Os IPs presentes no log abaixo são servidores NTP mal configurados sob
sua responsabilidade (123/udp). Estes servidores podem ser abusados
para fazer parte de ataques distribuídos de negação de serviço,
consumindo recursos da sua rede e impactando terceiros.

Lembramos que os endereços IP listados também podem ser dispositivos
de rede com funcionalidade NTP, como roteadores e CPEs (modem ou
roteador de uso doméstico instalado nos clientes).

Gostaríamos de solicitar que:

* Os servidores NTP listados sejam configurados de modo a corrigir
 este problema.

Uma descrição do problema e possíveis soluções podem ser encontradas
no final deste documento.

Se você não for a pessoa correta para corrigir o problema destes
servidores NTP mal configurados, por favor repasse essa mensagem para
alguém de sua organização que possa fazê-lo.

Os indicadores no campo 'Resultados do Teste' indicam os tipos de
problemas testados e significam:

* monlist: status/pacotes/bytes, onde status pode ser ""timeout"",
   ""open"" ou ""closed"", e pacotes/bytes são o tamanho da resposta
   recebida, em pacotes/bytes;

* readvar: status/pacotes/bytes, onde status pode ser ""timeout"",
   ""open"" ou ""closed"", e pacotes/bytes sao o tamanho da resposta
   recebida, em pacotes/bytes;

====================================================================================
Endereco IP      | ASN    | Status | Data do Teste        | Resultados do Teste
[IP_ADDRESS_f36fd7c474]    | 2716   | OPEN   | 2022-12-06T11:47:53Z | monlist: timeout/0/0, readvar: open/1/400
[IP_ADDRESS_5f1daecff1]   | 2716   | OPEN   | 2022-12-06T11:47:53Z | monlist: timeout/0/0, readvar: open/1/400
====================================================================================

Mais detalhes sobre o porque do envio desta mensagem, quem é o
CERT.br e como resolver este problema estão listados abaixo.

Cordialmente,
-- 
CERT.br
<[EMAIL_ADDRESS_83824c64b2]>
[URL_ea4f5d47bf]

* O que é um servidor NTP mal configurado e passível de amplificação?

Um servidor NTP é considerado mal configurado e passível de
  amplificação quando aceita determinados comandos, como monlist ou
  readvar, que permitem gerar respostas muito maiores que a pergunta,
  para origens forjadas.

* Por que devo me preocupar com isso?

Um servidor NTP mal configurado pode ser abusado para causar danos a
  terceiros, envolvendo sua rede em ataques a outras organizações,
  além de implicar em um maior consumo de banda.

Informações adicionais sobre como evitar que sua rede seja abusada
  para este e outros ataques DDoS podem ser econtrados aqui:

[URL_eebddb46c5]

* Como faço para corrigir o problema em sistemas Unix?

1. Desabilite o comando ""monlist"".  Isso pode ser feito de duas
      maneiras:

- Inclua no ntpd.conf a seguinte linha:

disable monitor

- Instale a versao 4.2.7p26 ou mais atual, que não possui o
       comando monlist.

2. Desabilite o comando ""readvar""

- Inclua no ntpd.conf as seguintes linhas:

restrict default kod notrap nomodify nopeer noquery
       restrict -6 default kod notrap nomodify nopeer noquery

* Onde posso obter informações adicionais sobre configuração segura de
  servidores NTP?

- Guia NTP para Linux/BSD
    [URL_8810d617ed]

Team Cymru Secure NTP Template (inclui cisco e juniper)
  - [URL_1da586bde2]

* Como o [ORGANIZATION_54947c67d4] sabe que este é um servidor NTP vulnerável?

O [ORGANIZATION_54947c67d4] está recebendo notificações com listas de servidores NTP
  que possivelmente estão sendo abusados e utilizados em ataques
  distribuídos de negação de serviços (DDoS). O [ORGANIZATION_54947c67d4] está
  notificando os responsáveis pelos servidores brasileiros presentes
  nestas listas.

* Como posso ter certeza que resolvi o problema?

Você pode verificar seu se",CAT5,"The incident involves server malconfigurations that could be used to facilitate Denial of Service attacks and distributed denial of service attacks due to potential abuse by attackers using NTP services. This aligns with the understanding that improper configurations can enable malicious activities, particularly in environments susceptible to DDoS attacks.",1.0,1
RNP2022-140134,"target: [DATE_TIME_1fe1abe111] 08:44 CERT.br: 
Data de envio: Dec 9, 2022 8:41 AM
Para: [EMAIL_ADDRESS_f6f7086365], [EMAIL_ADDRESS_a0a85d701e]
CC: [EMAIL_ADDRESS_83824c64b2]
Assunto: Alerta: [AS 2716] servico SSDP habilitado

Caro responsável,

Os IPs presentes no log abaixo são de servidores sob sua
responsabilidade com o serviço SSDP/uPnP (1900/udp) habilitado. Este
serviço pode ser abusado para fazer parte de ataques distribuídos de
negação de serviço, consumindo recursos da sua rede e impactando
terceiros.

Lembramos que os endereços IP listados também podem ser dispositivos de
rede com o serviço SSDP/UPnP habilitado, como roteadores e CPEs (modem
ou roteador de uso doméstico instalado nos clientes).

Gostaríamos de solicitar que:

* o serviço SSDP/UPnP seja configurado corretamente ou desabilitado no
 equipamento, caso não esteja em uso.

Uma descrição do problema e possíveis soluções podem ser encontradas
no final deste documento.

Se você não for a pessoa correta para corrigir o problema destes
equipamentos com o serviço SSDP/UPnP habilitado, por favor repasse
essa mensagem para alguém de sua organização que possa fazê-lo.

O indicador no campo 'Resultados do Teste' indica o tipo de problema
testado e significa:

* msearch: status/pacotes/bytes, onde status é ""open"", e
   pacotes/bytes indicam o tamanho da resposta recebida, em
   pacotes/bytes;

====================================================================================
Endereco IP      | ASN    | Status | Data do Teste        | Resultados do Teste
[IP_ADDRESS_bac286073d]    | 2716   | OPEN   | 2022-12-09T11:33:58Z | msearch: open/1/245
====================================================================================
Mais detalhes sobre o porque do envio desta mensagem, quem é o
CERT.br e como resolver este problema estão listados abaixo.

Cordialmente,
-- 
CERT.br
<[EMAIL_ADDRESS_83824c64b2]>
[URL_ea4f5d47bf]

* O que é o serviço SSDP/UPnP (1900/udp)?

O SSDP (Simple Service Discovery Protocol) é um protocolo de rede
  utilizado, em uma rede local, para descoberta de dispositivos Plug
  and Play rodando o protocolo UPnP (Universal Plug and Play).

Caso esteja acessível a toda a Internet via UDP, esse serviço pode
  ser explorado para ataques DDoS que usem amplificação. Isto ocorre
  porque o atacante envia uma requisição forjando o IP da vítima e o
  servidor com SSDP/UPnP retorna uma resposta muito maior que a
  requisição.

* Por que devo me preocupar com isso?

O servirço SSDP pode ser abusado para causar danos a terceiros,
  envolvendo sua rede em ataques a outras organizações, além de
  implicar em um consumo de banda maior.

Informações adicionais sobre como evitar que sua rede seja abusada
  para este e outros ataques DDoS podem ser econtradas aqui:

[URL_eebddb46c5]

* Como faço para corrigir o problema?

Se o SSDP/UPnP nao for utilizado na sua rede desabilite o serviço no
  seu dispositivo. Se o recurso for utilizado na rede local, configure-o
  de modo que esteja disponível apenas para a rede local.

* Onde posso obter informações adicionais sobre o abuso do protocolo
  SSDP para ataques DDoS?

- UDP-Based Amplification Attacks
    [URL_f1b488990d]

* Como o [ORGANIZATION_54947c67d4] sabe que este é um dispositivo vulnerável?

O [ORGANIZATION_54947c67d4] está recebendo notificações com listas de dispositivos
  que usam SSDP que possivelmente estão sendo abusados e utilizados em
  ataques distribuídos de negação de serviços (DDoS). O [ORGANIZATION_54947c67d4] está
  notificando os responsáveis pelos dispositivos brasileiros presentes
  nestas listas.

* Como posso ter certeza que resolvi o problema?

Você pode verificar seu dispositivo através do seguinte comando:
  (preferencialmente execute-o a partir da Internet, ou seja, fora de
  uma rede interna que tenha permissão de acesso ao dispositivo).

$ printf ""M-SEARCH * HTTP/1.1\r\nHost:[IP_ADDRESS_dc765a2247]:1900\r\nST:upnp:rootdevice\r\nMan:\""ssdp:discover\""\r\nMX:3\r\n\r\n"" | nc
 -u IP_SSDP 1900

Onde IP_SSDP é o IP do dispositivo usando SSDP a ser testado.
  Antes de execu",CAT8,"The incident involves unauthorized modification to the SSDP/UPnP discovery process within a network local to the device, which can allow attackers to misuse these services without proper configuration or permissions. This category applies because it pertains to unauthorized changes that bypass normal configurations, leading to potential security vulnerabilities and exploitation of service discovery mechanisms.",1.0,2
